{
	"format_version": "1.8.0",
	"animations": {
		"phantom_saber_slash": {
			"animation_length": 0.75,
			"bones": {
				"rightArm": {
					"rotation": {
						"0.0": {
							"vector": [160.0175, 0.8546, -87.6508]
						},
						"0.0417": [153.00981, 0.82349, -87.81309],
						"0.0833": [139.04108, 0.76147, -88.13659],
						"0.125": [122.01321, 0.68587, -88.53093],
						"0.1667": [103.33679, 0.60296, -88.96346],
						"0.2083": [83.75728, 0.51603, -89.41689],
						"0.2917": [43.78492, 0.33857, -90.34261],
						"0.3333": [24.20541, 0.25164, -90.79604],
						"0.375": [5.52899, 0.16873, -91.22857],
						"0.4167": [-11.49888, 0.09313, -91.62291],
						"0.4583": [-25.46761, 0.03111, -91.94641],
						"0.5": {
							"vector": [-32.4753, 0, -92.1087]
						}
					},
					"position": {
						"0.0": {
							"vector": [0, -3, 4]
						},
						"0.0417": [0.0364, -3, 3.92719],
						"0.0833": [0.10897, -3, 3.78206],
						"0.125": [0.19743, -3, 3.60514],
						"0.3333": [0.70554, -3, 2.58891],
						"0.375": [0.80257, -3, 2.39486],
						"0.4167": [0.89103, -3, 2.21794],
						"0.4583": [0.9636, -3, 2.07281],
						"0.5": {
							"vector": [1, -3, 2]
						}
					}
				}
			}
		}
	}
}