{
	"format_version": "1.8.0",
	"animations": {
		"rift_cut": {
			"animation_length": 0.5,
			"bones": {
				"torso": {
					"rotation": {
						"0.0": {
							"vector": [15, 30, 0]
						},
						"0.0417": [14.10151, 28.20303, 0],
						"0.0833": [11.42346, 22.84692, 0],
						"0.1667": [3.57654, 7.15308, 0],
						"0.2083": [0.89849, 1.79697, 0],
						"0.25": {
							"vector": [0, 0, 0]
						}
					}
				},
				"rightArm": {
					"rotation": {
						"0.0": {
							"vector": [-135.338, 28.5873, 113.521]
						},
						"0.0417": [-126.80239, 28.5873, 113.521],
						"0.0833": [-101.36089, 28.5873, 113.521],
						"0.1667": [-26.81511, 28.5873, 113.521],
						"0.2083": [-1.37361, 28.5873, 113.521],
						"0.25": {
							"vector": [7.162, 28.5873, 113.521]
						}
					}
				}
			}
		}
	}
}
